	coef	exp(coef)	se(coef)	z	Pr(>|z|)
`2021_WHO_Classification`Diffuse astrocytoma, MYB- or MYBL1-altered	-0.609932685606486	0.543387445639768	1.0281162459374	-0.593252648245402	0.553012083170959
`2021_WHO_Classification`Diffuse low-grade glioma, MAPK pathway-altered	0.355297472201335	1.42660496648762	0.268116473550875	1.32516091792442	0.185117784772108
`2021_WHO_Classification`Ganglioglioma	0.142669282796514	1.15334830645942	0.377227769720126	0.378204613362278	0.705278598595083
`2021_WHO_Classification`Glioneuronal and neuronal tumors	0.404251135345742	1.49818014570664	0.743856158104798	0.543453369231622	0.586817688622242
`2021_WHO_Classification`Myxoid glioneuronal tumor	1.38311892818335	3.98731841367337	0.470267518622791	2.94113217139449	0.00327014967012062
`2021_WHO_Classification`Pilocytic astrocytoma	0.18703733082876	1.20567229295574	0.258739165284351	0.722879857107093	0.469753699750385
`2021_WHO_Classification`Pleomorphic xanthoastrocytoma	-14.8984418497438	3.38601529630165e-07	1910.00635787853	-0.00780020537014949	0.993776399674761
`2021_WHO_Classification`Subependymal giant cell astrocytoma	-0.814126403596053	0.443026184439853	0.745819119139557	-1.09158693133973	0.275014702909095
tis_score_groupHigh	0.342058778670253	1.40784304622433	0.166944868119726	2.0489325759025	0.0404687083939166
