	coef	exp(coef)	se(coef)	z	Pr(>|z|)
`Age at diagnosis (Days)`	-0.000296269903407619	0.999703773980186	0.000143845616569862	-2.05963803744919	0.0394331570341646
`Biological Sex`Male	0.423248260254964	1.52691332080644	0.579662801205594	0.730162879823724	0.465290629443677
`Immune Cluster`1	0.431248294027122	1.53917767113812	0.824024971024961	0.523343720385943	0.600735081299227
`Immune Cluster`2	0.847591319005338	2.33401817058976	0.823945815499433	1.02869788651281	0.303621663398084
