	coef	exp(coef)	se(coef)	z	Pr(>|z|)
age_at_diagnosis_days	-0.000277611869931895	0.999722426660678	0.000146748696836684	-1.89175015462555	0.0585242774029624
reported_genderMale	0.156629146384779	1.16956179724391	0.583075732802415	0.268625733456575	0.788217707495995
clusterID1	0.339684835612643	1.40450487088535	0.840955980021719	0.403927011261482	0.68626639273829
clusterID2	1.00952381027149	2.74429389925722	0.834998595342967	1.20901258505331	0.226658010429672
