	coef	exp(coef)	se(coef)	z	Pr(>|z|)
tis_score_groupHigh	0.201500342447533	1.22323665595711	0.560228100535462	0.359675536187742	0.719089788652313
